repeat_report_count,image_quality_score,nearby_asset_age_years,description_word_count,previous_resolution_days,hour_sin,hour_cos,urgency,recent_rain,channel_call_centre,channel_mobile_app,channel_service_office,channel_web_portal,category_label,category_id
3,0.756,21.9,13,11.2,-1.0,-1.8369701987210297e-16,1,1,1.0,0.0,0.0,0.0,pothole,2
3,0.555,20.2,16,8.3,0.8660254037844387,-0.4999999999999998,1,1,0.0,1.0,0.0,0.0,pothole,2
2,0.882,30.7,18,6.3,-0.8660254037844386,0.5000000000000001,1,0,0.0,1.0,0.0,0.0,pothole,2
1,0.645,17.4,19,10.8,0.258819045102521,-0.9659258262890682,1,0,0.0,1.0,0.0,0.0,pothole,2
2,0.64,32.0,12,8.9,-0.8660254037844386,0.5000000000000001,1,1,1.0,0.0,0.0,0.0,pothole,2
0,0.653,16.1,9,6.1,-0.4999999999999997,-0.8660254037844388,1,0,0.0,0.0,0.0,1.0,pothole,2
3,0.991,19.3,18,10.4,0.258819045102521,-0.9659258262890682,1,1,0.0,0.0,0.0,1.0,pothole,2
4,0.776,27.0,9,7.0,-0.4999999999999997,-0.8660254037844388,0,0,0.0,0.0,0.0,1.0,pothole,2
2,0.964,20.9,15,5.8,0.9659258262890683,-0.25881904510252063,1,1,0.0,0.0,0.0,1.0,pothole,2
3,0.782,27.9,18,6.6,-0.4999999999999997,-0.8660254037844388,1,1,0.0,1.0,0.0,0.0,pothole,2
1,0.834,27.7,18,7.6,-0.8660254037844386,0.5000000000000001,1,1,0.0,0.0,0.0,1.0,pothole,2
3,0.476,15.2,17,4.6,-0.7071067811865471,-0.7071067811865479,1,1,0.0,1.0,0.0,0.0,pothole,2
1,0.55,24.7,14,6.2,1.0,6.123233995736766e-17,1,1,0.0,0.0,0.0,1.0,pothole,2
2,0.707,17.2,17,4.7,0.258819045102521,-0.9659258262890682,0,1,1.0,0.0,0.0,0.0,pothole,2
1,0.607,45.3,10,11.4,1.0,6.123233995736766e-17,0,1,0.0,0.0,1.0,0.0,pothole,2
6,0.725,39.4,18,10.9,1.0,6.123233995736766e-17,0,1,0.0,1.0,0.0,0.0,pothole,2
3,0.676,33.1,16,9.3,-0.8660254037844386,0.5000000000000001,1,1,0.0,1.0,0.0,0.0,pothole,2
0,0.545,27.0,14,9.4,-0.4999999999999997,-0.8660254037844388,1,1,0.0,1.0,0.0,0.0,pothole,2
2,0.814,29.1,14,7.6,-0.8660254037844385,-0.5000000000000004,1,0,0.0,1.0,0.0,0.0,pothole,2
2,0.641,19.0,7,5.7,1.0,6.123233995736766e-17,2,1,0.0,1.0,0.0,0.0,pothole,2
4,0.694,37.0,20,13.4,-0.9659258262890683,-0.25881904510252063,1,1,0.0,1.0,0.0,0.0,pothole,2
6,0.804,23.4,8,8.6,-0.8660254037844385,-0.5000000000000004,0,0,0.0,0.0,0.0,1.0,pothole,2
1,0.82,41.5,17,4.7,-0.9659258262890683,-0.25881904510252063,2,0,0.0,1.0,0.0,0.0,pothole,2
2,0.568,25.3,14,11.1,-0.2588190451025208,-0.9659258262890683,1,0,0.0,0.0,1.0,0.0,pothole,2
4,0.724,26.0,8,16.1,-0.8660254037844385,-0.5000000000000004,1,1,0.0,1.0,0.0,0.0,pothole,2
2,0.609,28.0,11,11.7,-0.9659258262890683,-0.25881904510252063,0,1,0.0,0.0,0.0,1.0,pothole,2
1,0.595,32.7,20,9.2,-0.7071067811865471,-0.7071067811865479,1,0,0.0,0.0,0.0,1.0,pothole,2
4,0.744,18.1,10,9.3,-1.0,-1.8369701987210297e-16,1,1,1.0,0.0,0.0,0.0,pothole,2
2,0.59,22.6,11,13.8,-1.0,-1.8369701987210297e-16,2,1,0.0,1.0,0.0,0.0,pothole,2
0,0.667,29.3,11,7.0,-0.8660254037844386,0.5000000000000001,1,0,0.0,1.0,0.0,0.0,pothole,2
5,0.591,35.0,20,11.3,0.49999999999999994,-0.8660254037844387,0,1,1.0,0.0,0.0,0.0,pothole,2
2,0.65,18.2,15,12.1,-0.2588190451025208,-0.9659258262890683,0,1,0.0,1.0,0.0,0.0,pothole,2
1,0.703,38.8,17,9.1,1.2246467991473532e-16,-1.0,2,0,0.0,0.0,0.0,1.0,pothole,2
2,0.717,24.6,15,7.2,0.49999999999999994,-0.8660254037844387,2,0,0.0,0.0,0.0,1.0,pothole,2
4,0.663,25.6,10,4.4,-0.8660254037844385,-0.5000000000000004,1,0,0.0,0.0,0.0,1.0,pothole,2
2,0.627,16.3,11,8.7,-0.8660254037844385,-0.5000000000000004,1,1,0.0,0.0,0.0,1.0,pothole,2
2,0.784,30.0,11,13.4,1.0,6.123233995736766e-17,0,1,1.0,0.0,0.0,0.0,pothole,2
3,0.897,29.8,10,10.1,0.9659258262890683,-0.25881904510252063,0,0,0.0,1.0,0.0,0.0,pothole,2
0,0.95,27.8,16,8.4,-0.4999999999999997,-0.8660254037844388,1,1,0.0,1.0,0.0,0.0,pothole,2
0,0.733,22.6,10,6.0,-0.9659258262890684,0.2588190451025203,1,1,1.0,0.0,0.0,0.0,pothole,2
2,0.768,16.1,6,8.5,-0.9659258262890683,-0.25881904510252063,2,1,0.0,0.0,1.0,0.0,pothole,2
1,0.737,25.2,18,12.8,-1.0,-1.8369701987210297e-16,2,1,1.0,0.0,0.0,0.0,pothole,2
3,0.582,27.0,13,13.5,0.7071067811865476,-0.7071067811865475,0,0,0.0,1.0,0.0,0.0,pothole,2
4,0.587,29.2,19,15.2,0.258819045102521,-0.9659258262890682,1,1,1.0,0.0,0.0,0.0,pothole,2
6,0.784,24.3,16,7.4,1.0,6.123233995736766e-17,1,1,0.0,1.0,0.0,0.0,pothole,2
2,0.746,28.3,17,4.9,-0.4999999999999997,-0.8660254037844388,1,1,0.0,0.0,0.0,1.0,pothole,2
4,0.723,23.4,14,7.7,1.0,6.123233995736766e-17,1,0,0.0,1.0,0.0,0.0,pothole,2
8,0.543,19.0,10,10.6,-0.9659258262890684,0.2588190451025203,1,1,0.0,0.0,0.0,1.0,pothole,2
2,1.0,25.4,19,12.3,-0.2588190451025208,-0.9659258262890683,1,0,0.0,0.0,1.0,0.0,pothole,2
3,0.686,23.7,14,8.1,1.0,6.123233995736766e-17,0,0,1.0,0.0,0.0,0.0,pothole,2
2,0.831,18.4,10,12.3,1.2246467991473532e-16,-1.0,1,0,0.0,1.0,0.0,0.0,pothole,2
6,0.705,29.8,7,8.2,-0.9659258262890684,0.2588190451025203,0,0,0.0,0.0,0.0,1.0,pothole,2
2,1.0,20.7,14,12.6,0.9659258262890683,-0.25881904510252063,2,1,0.0,1.0,0.0,0.0,pothole,2
2,0.554,19.5,14,7.2,-0.7071067811865471,-0.7071067811865479,2,1,1.0,0.0,0.0,0.0,pothole,2
4,0.809,22.5,14,9.6,-0.9659258262890684,0.2588190451025203,2,1,0.0,0.0,1.0,0.0,pothole,2
3,0.544,17.6,13,1.0,-0.9659258262890684,0.2588190451025203,2,1,0.0,0.0,0.0,1.0,pothole,2
3,0.599,26.4,18,8.5,-0.2588190451025208,-0.9659258262890683,2,1,0.0,0.0,0.0,1.0,pothole,2
0,0.877,11.5,11,9.0,-0.4999999999999997,-0.8660254037844388,1,1,0.0,1.0,0.0,0.0,pothole,2
1,0.766,26.0,14,8.6,-0.8660254037844386,0.5000000000000001,0,1,0.0,0.0,0.0,1.0,pothole,2
8,0.711,27.5,5,7.7,-0.2588190451025208,-0.9659258262890683,2,0,0.0,1.0,0.0,0.0,pothole,2
3,0.857,21.1,10,6.5,-0.8660254037844386,0.5000000000000001,1,1,0.0,0.0,0.0,1.0,pothole,2
2,0.638,18.3,21,9.2,-0.8660254037844385,-0.5000000000000004,0,1,0.0,0.0,0.0,1.0,pothole,2
4,0.855,26.9,19,8.0,0.8660254037844387,-0.4999999999999998,1,1,0.0,0.0,0.0,1.0,pothole,2
6,0.757,18.9,9,13.5,-0.9659258262890684,0.2588190451025203,1,1,0.0,1.0,0.0,0.0,pothole,2
3,0.609,38.8,15,8.2,-0.2588190451025208,-0.9659258262890683,1,1,0.0,0.0,0.0,1.0,pothole,2
5,0.557,19.1,14,8.3,1.0,6.123233995736766e-17,0,1,0.0,0.0,0.0,1.0,pothole,2
3,0.833,28.5,16,8.7,0.8660254037844387,-0.4999999999999998,1,1,0.0,1.0,0.0,0.0,pothole,2
1,0.681,31.9,14,8.5,0.7071067811865476,-0.7071067811865475,1,1,0.0,0.0,0.0,1.0,pothole,2
4,0.624,12.2,18,10.5,-0.9659258262890683,-0.25881904510252063,0,0,0.0,1.0,0.0,0.0,pothole,2
2,0.703,23.5,10,5.9,1.2246467991473532e-16,-1.0,2,1,0.0,0.0,0.0,1.0,pothole,2
4,0.659,25.7,13,9.5,-0.7071067811865471,-0.7071067811865479,0,0,0.0,1.0,0.0,0.0,pothole,2
3,0.601,38.9,20,7.4,-0.9659258262890683,-0.25881904510252063,1,1,0.0,1.0,0.0,0.0,pothole,2
7,0.923,9.8,10,5.0,1.0,6.123233995736766e-17,1,1,1.0,0.0,0.0,0.0,pothole,2
2,0.795,18.3,13,13.7,0.258819045102521,-0.9659258262890682,0,1,0.0,0.0,0.0,1.0,pothole,2
3,0.648,28.5,18,12.9,0.9659258262890683,-0.25881904510252063,2,1,0.0,0.0,0.0,1.0,pothole,2
4,0.752,8.9,18,10.0,0.258819045102521,-0.9659258262890682,1,1,0.0,1.0,0.0,0.0,pothole,2
2,0.692,30.9,12,11.0,0.9659258262890683,-0.25881904510252063,2,0,0.0,0.0,0.0,1.0,pothole,2
2,0.642,17.5,5,9.7,0.258819045102521,-0.9659258262890682,1,0,0.0,1.0,0.0,0.0,pothole,2
1,0.686,10.3,9,7.2,0.258819045102521,-0.9659258262890682,1,0,0.0,1.0,0.0,0.0,pothole,2
1,0.705,17.3,13,6.7,0.258819045102521,-0.9659258262890682,1,1,0.0,0.0,1.0,0.0,pothole,2
2,0.706,24.8,19,8.0,-0.2588190451025208,-0.9659258262890683,1,1,0.0,1.0,0.0,0.0,pothole,2
2,0.886,21.9,19,13.0,0.49999999999999994,-0.8660254037844387,1,1,0.0,1.0,0.0,0.0,pothole,2
0,0.519,21.2,13,3.5,0.7071067811865476,-0.7071067811865475,1,1,0.0,1.0,0.0,0.0,pothole,2
1,0.675,31.9,15,10.3,0.258819045102521,-0.9659258262890682,1,0,0.0,1.0,0.0,0.0,pothole,2
1,0.77,29.5,9,10.3,-0.9659258262890684,0.2588190451025203,0,1,0.0,0.0,0.0,1.0,pothole,2
0,0.562,21.6,18,4.0,-1.0,-1.8369701987210297e-16,1,1,1.0,0.0,0.0,0.0,pothole,2
2,0.899,36.1,16,10.1,0.49999999999999994,-0.8660254037844387,1,1,0.0,0.0,0.0,1.0,pothole,2
0,0.6935,25.8,10,5.8,0.49999999999999994,-0.8660254037844387,0,1,1.0,0.0,0.0,0.0,pothole,2
1,0.618,31.9,16,6.9,-1.0,-1.8369701987210297e-16,0,1,0.0,1.0,0.0,0.0,pothole,2
3,0.722,26.4,15,10.7,0.9659258262890683,-0.25881904510252063,1,0,1.0,0.0,0.0,0.0,pothole,2
5,0.699,29.5,12,8.9,-0.8660254037844385,-0.5000000000000004,1,0,1.0,0.0,0.0,0.0,pothole,2
1,0.679,24.5,17,11.4,-1.0,-1.8369701987210297e-16,1,1,0.0,1.0,0.0,0.0,pothole,2
6,0.65,17.2,14,13.3,-0.4999999999999997,-0.8660254037844388,0,0,0.0,0.0,0.0,1.0,pothole,2
3,0.929,13.0,13,11.4,0.7071067811865476,-0.7071067811865475,1,0,0.0,0.0,0.0,1.0,pothole,2
1,0.631,29.7,15,12.0,-0.9659258262890683,-0.25881904510252063,2,1,0.0,1.0,0.0,0.0,pothole,2
2,0.621,14.7,8,7.4,-0.8660254037844385,-0.5000000000000004,0,0,0.0,0.0,0.0,1.0,pothole,2
2,0.6935,24.3,11,6.5,-0.8660254037844385,-0.5000000000000004,1,1,0.0,0.0,0.0,1.0,pothole,2
2,0.803,24.5,11,11.8,0.258819045102521,-0.9659258262890682,2,1,0.0,1.0,0.0,0.0,pothole,2
0,0.6935,19.8,7,7.8,-0.8660254037844385,-0.5000000000000004,0,0,0.0,1.0,0.0,0.0,pothole,2
5,0.749,26.2,12,10.1,0.258819045102521,-0.9659258262890682,1,0,1.0,0.0,0.0,0.0,pothole,2
2,0.674,23.7,13,14.5,-0.9659258262890684,0.2588190451025203,1,1,0.0,0.0,0.0,1.0,pothole,2
1,0.708,25.2,19,16.5,0.49999999999999994,-0.8660254037844387,1,0,0.0,0.0,0.0,1.0,pothole,2
2,0.6935,31.9,17,6.0,-0.9659258262890684,0.2588190451025203,2,1,1.0,0.0,0.0,0.0,pothole,2
2,0.749,32.7,11,10.0,-0.9659258262890684,0.2588190451025203,2,0,0.0,1.0,0.0,0.0,pothole,2
3,0.696,26.6,9,6.8,-0.8660254037844386,0.5000000000000001,1,1,0.0,1.0,0.0,0.0,pothole,2
5,0.584,24.3,9,13.1,0.258819045102521,-0.9659258262890682,1,0,0.0,1.0,0.0,0.0,pothole,2
3,0.625,12.1,16,10.9,-0.8660254037844385,-0.5000000000000004,1,0,1.0,0.0,0.0,0.0,pothole,2
2,0.617,37.4,22,8.1,1.2246467991473532e-16,-1.0,1,1,0.0,0.0,0.0,1.0,pothole,2
3,0.571,31.8,9,8.3,1.2246467991473532e-16,-1.0,1,1,0.0,0.0,1.0,0.0,pothole,2
4,0.698,22.7,13,9.4,0.8660254037844387,-0.4999999999999998,2,0,0.0,1.0,0.0,0.0,pothole,2
2,0.507,12.7,15,8.6,1.2246467991473532e-16,-1.0,1,1,0.0,1.0,0.0,0.0,pothole,2
3,0.852,41.9,16,4.5,0.258819045102521,-0.9659258262890682,1,0,0.0,0.0,0.0,1.0,pothole,2
3,0.723,12.6,10,9.5,1.0,6.123233995736766e-17,2,0,0.0,0.0,0.0,1.0,pothole,2
3,0.73,24.0,13,13.0,0.8660254037844387,-0.4999999999999998,1,0,0.0,0.0,0.0,1.0,pothole,2
2,0.683,29.4,15,1.0,1.0,6.123233995736766e-17,1,1,0.0,1.0,0.0,0.0,pothole,2
2,0.483,39.3,19,11.6,0.49999999999999994,-0.8660254037844387,1,0,0.0,0.0,0.0,1.0,pothole,2
0,0.608,17.3,12,7.0,1.0,6.123233995736766e-17,2,0,0.0,0.0,1.0,0.0,pothole,2
1,0.73,20.7,13,9.4,1.2246467991473532e-16,-1.0,2,1,0.0,0.0,0.0,1.0,pothole,2
1,0.707,19.3,14,4.6,-0.8660254037844386,0.5000000000000001,0,0,0.0,0.0,0.0,1.0,pothole,2
2,0.8,30.7,5,11.4,1.2246467991473532e-16,-1.0,1,1,0.0,1.0,0.0,0.0,pothole,2
2,0.705,15.0,15,10.8,-0.4999999999999997,-0.8660254037844388,1,0,0.0,0.0,0.0,1.0,pothole,2
5,0.668,23.8,11,8.7,-0.4999999999999997,-0.8660254037844388,0,0,0.0,1.0,0.0,0.0,pothole,2
5,0.839,29.7,14,1.3,0.7071067811865476,-0.7071067811865475,1,1,1.0,0.0,0.0,0.0,pothole,2
2,0.805,22.2,12,5.4,0.9659258262890683,-0.25881904510252063,1,1,0.0,1.0,0.0,0.0,pothole,2
1,0.609,17.5,17,7.8,0.49999999999999994,-0.8660254037844387,1,1,0.0,1.0,0.0,0.0,pothole,2
5,0.725,12.9,12,8.5,-1.0,-1.8369701987210297e-16,1,1,0.0,1.0,0.0,0.0,pothole,2
2,0.571,26.6,16,11.1,0.258819045102521,-0.9659258262890682,0,1,1.0,0.0,0.0,0.0,pothole,2
1,0.755,18.0,15,11.6,-0.2588190451025208,-0.9659258262890683,1,0,0.0,1.0,0.0,0.0,pothole,2
0,0.906,28.8,14,3.6,-0.7071067811865471,-0.7071067811865479,1,0,0.0,1.0,0.0,0.0,pothole,2
2,0.6935,16.5,15,9.8,0.9659258262890683,-0.25881904510252063,1,0,0.0,1.0,0.0,0.0,pothole,2
2,0.7,15.9,18,12.0,-0.8660254037844386,0.5000000000000001,1,1,0.0,0.0,0.0,1.0,pothole,2
3,0.668,9.9,12,12.0,-0.8660254037844385,-0.5000000000000004,1,0,0.0,1.0,0.0,0.0,pothole,2
1,0.549,36.7,10,2.9,-0.4999999999999997,-0.8660254037844388,1,1,0.0,0.0,1.0,0.0,pothole,2
5,0.786,26.3,7,12.3,0.8660254037844387,-0.4999999999999998,1,1,0.0,0.0,0.0,1.0,pothole,2
1,0.625,28.4,12,10.2,1.0,6.123233995736766e-17,1,0,0.0,1.0,0.0,0.0,pothole,2
1,0.689,25.5,10,4.6,-0.9659258262890684,0.2588190451025203,0,1,0.0,1.0,0.0,0.0,pothole,2
2,0.447,16.2,16,3.9,0.49999999999999994,-0.8660254037844387,1,1,0.0,0.0,0.0,1.0,pothole,2
2,0.813,36.3,12,9.5,0.9659258262890683,-0.25881904510252063,0,1,0.0,0.0,0.0,1.0,pothole,2
2,0.639,19.0,11,10.8,1.2246467991473532e-16,-1.0,1,1,0.0,1.0,0.0,0.0,pothole,2
2,0.911,26.0,17,8.1,0.8660254037844387,-0.4999999999999998,2,1,0.0,0.0,0.0,1.0,pothole,2
2,0.675,21.9,11,7.5,-0.7071067811865471,-0.7071067811865479,0,1,0.0,0.0,0.0,1.0,pothole,2
1,0.759,27.9,8,2.1,-0.9659258262890684,0.2588190451025203,2,1,0.0,0.0,0.0,1.0,pothole,2
2,0.843,25.0,11,9.1,0.258819045102521,-0.9659258262890682,1,1,0.0,0.0,0.0,1.0,pothole,2
3,0.79,10.0,18,14.1,0.9659258262890683,-0.25881904510252063,1,0,0.0,0.0,0.0,1.0,pothole,2
3,0.678,19.4,12,5.7,0.258819045102521,-0.9659258262890682,1,0,0.0,1.0,0.0,0.0,pothole,2
1,0.614,26.2,22,9.0,-1.0,-1.8369701987210297e-16,1,1,0.0,1.0,0.0,0.0,pothole,2
2,0.876,24.9,15,14.0,-0.4999999999999997,-0.8660254037844388,0,0,0.0,0.0,0.0,1.0,pothole,2
1,0.523,3.4,13,10.3,1.0,6.123233995736766e-17,1,1,0.0,0.0,0.0,1.0,pothole,2
2,0.838,25.3,13,12.8,-0.8660254037844386,0.5000000000000001,1,0,0.0,1.0,0.0,0.0,pothole,2
4,0.712,22.5,11,11.6,0.258819045102521,-0.9659258262890682,0,1,0.0,0.0,0.0,1.0,pothole,2
4,0.552,50.4,24,6.5,0.7071067811865476,-0.7071067811865475,2,1,0.0,0.0,0.0,1.0,water_leak,3
1,0.612,13.3,9,4.7,-0.8660254037844385,-0.5000000000000004,1,1,0.0,0.0,0.0,1.0,water_leak,3
3,0.441,24.8,20,4.4,-0.7071067811865477,0.7071067811865474,1,1,1.0,0.0,0.0,0.0,water_leak,3
2,0.646,34.7,12,1.0,0.258819045102521,-0.9659258262890682,1,1,0.0,0.0,0.0,1.0,water_leak,3
8,0.52,18.8,17,5.2,-0.7071067811865471,-0.7071067811865479,0,1,0.0,0.0,1.0,0.0,water_leak,3
0,0.547,36.6,17,4.3,0.258819045102521,-0.9659258262890682,1,1,1.0,0.0,0.0,0.0,water_leak,3
3,0.622,30.6,27,5.9,-0.2588190451025208,-0.9659258262890683,2,1,0.0,1.0,0.0,0.0,water_leak,3
3,0.914,38.6,13,4.8,0.25881904510252074,0.9659258262890683,2,1,0.0,1.0,0.0,0.0,water_leak,3
1,0.618,25.6,26,4.0,-1.0,-1.8369701987210297e-16,2,0,0.0,1.0,0.0,0.0,water_leak,3
3,0.517,54.7,14,3.7,-0.7071067811865477,0.7071067811865474,2,1,0.0,1.0,0.0,0.0,water_leak,3
3,0.701,27.9,19,5.6,0.25881904510252074,0.9659258262890683,2,1,0.0,1.0,0.0,0.0,water_leak,3
5,0.62,21.6,18,8.2,0.9659258262890683,-0.25881904510252063,1,1,1.0,0.0,0.0,0.0,water_leak,3
2,0.74,21.5,14,1.0,-0.25881904510252157,0.9659258262890681,2,0,1.0,0.0,0.0,0.0,water_leak,3
4,0.726,21.0,16,6.1,1.0,6.123233995736766e-17,2,1,0.0,1.0,0.0,0.0,water_leak,3
5,0.565,25.6,18,7.2,0.9659258262890683,0.25881904510252074,0,1,0.0,1.0,0.0,0.0,water_leak,3
5,0.566,28.9,20,4.1,0.25881904510252074,0.9659258262890683,2,1,0.0,1.0,0.0,0.0,water_leak,3
2,0.557,32.7,16,7.1,0.258819045102521,-0.9659258262890682,2,1,1.0,0.0,0.0,0.0,water_leak,3
3,0.443,30.4,11,1.0,-0.9659258262890683,-0.25881904510252063,1,1,1.0,0.0,0.0,0.0,water_leak,3
5,0.515,42.4,22,4.1,0.258819045102521,-0.9659258262890682,2,0,0.0,1.0,0.0,0.0,water_leak,3
6,0.833,40.9,11,2.5,0.8660254037844387,-0.4999999999999998,2,0,0.0,1.0,0.0,0.0,water_leak,3
5,0.622,28.5,19,7.2,0.49999999999999994,0.8660254037844387,2,0,0.0,0.0,0.0,1.0,water_leak,3
5,0.55,20.6,23,7.8,0.25881904510252074,0.9659258262890683,1,1,0.0,1.0,0.0,0.0,water_leak,3
5,0.675,25.6,20,7.6,-1.0,-1.8369701987210297e-16,2,0,1.0,0.0,0.0,0.0,water_leak,3
4,0.514,19.6,15,7.8,-0.2588190451025208,-0.9659258262890683,1,0,0.0,1.0,0.0,0.0,water_leak,3
4,0.675,32.8,10,6.8,-0.8660254037844385,-0.5000000000000004,2,1,1.0,0.0,0.0,0.0,water_leak,3
3,0.514,43.7,20,3.2,-0.25881904510252157,0.9659258262890681,2,1,0.0,0.0,0.0,1.0,water_leak,3
4,0.676,50.5,15,7.2,-1.0,-1.8369701987210297e-16,1,1,0.0,1.0,0.0,0.0,water_leak,3
3,0.264,37.8,12,1.3,-0.25881904510252157,0.9659258262890681,2,0,1.0,0.0,0.0,0.0,water_leak,3
8,0.712,17.0,18,1.0,0.9659258262890683,-0.25881904510252063,1,0,1.0,0.0,0.0,0.0,water_leak,3
1,0.616,26.3,23,1.7,0.9659258262890683,0.25881904510252074,2,0,0.0,1.0,0.0,0.0,water_leak,3
1,0.693,28.7,19,1.8,0.49999999999999994,-0.8660254037844387,2,0,0.0,1.0,0.0,0.0,water_leak,3
4,0.518,48.3,22,1.0,-0.9659258262890684,0.2588190451025203,2,0,0.0,1.0,0.0,0.0,water_leak,3
1,0.753,22.4,13,1.5,-0.25881904510252157,0.9659258262890681,0,0,0.0,0.0,1.0,0.0,water_leak,3
4,0.803,25.5,17,6.1,0.25881904510252074,0.9659258262890683,2,1,0.0,1.0,0.0,0.0,water_leak,3
3,0.773,37.4,24,1.0,0.9659258262890683,0.25881904510252074,1,0,0.0,0.0,0.0,1.0,water_leak,3
6,0.614,41.7,15,5.5,1.0,6.123233995736766e-17,1,0,1.0,0.0,0.0,0.0,water_leak,3
3,0.506,46.3,25,1.0,-0.2588190451025208,-0.9659258262890683,2,1,1.0,0.0,0.0,0.0,water_leak,3
4,0.5,28.0,20,4.8,1.0,6.123233995736766e-17,2,0,0.0,0.0,0.0,1.0,water_leak,3
2,0.718,28.4,14,4.8,-0.4999999999999997,-0.8660254037844388,2,1,0.0,1.0,0.0,0.0,water_leak,3
2,0.642,37.8,26,3.9,0.258819045102521,-0.9659258262890682,0,1,0.0,0.0,1.0,0.0,water_leak,3
1,0.846,38.0,18,1.0,0.7071067811865476,-0.7071067811865475,2,0,0.0,0.0,0.0,1.0,water_leak,3
1,0.65,18.2,16,2.5,-0.2588190451025208,-0.9659258262890683,1,0,0.0,0.0,1.0,0.0,water_leak,3
0,0.683,52.2,19,6.9,0.258819045102521,-0.9659258262890682,2,1,0.0,0.0,1.0,0.0,water_leak,3
3,0.488,46.7,14,2.3,-0.8660254037844385,-0.5000000000000004,2,0,1.0,0.0,0.0,0.0,water_leak,3
4,0.791,18.1,11,6.4,0.49999999999999994,-0.8660254037844387,2,1,0.0,0.0,0.0,1.0,water_leak,3
1,0.702,37.8,12,2.7,-0.8660254037844385,-0.5000000000000004,2,1,0.0,0.0,1.0,0.0,water_leak,3
6,0.904,32.3,20,6.9,-0.25881904510252157,0.9659258262890681,2,1,0.0,0.0,0.0,1.0,water_leak,3
3,0.857,21.5,8,6.3,-0.8660254037844386,0.5000000000000001,2,1,1.0,0.0,0.0,0.0,water_leak,3
4,0.641,24.9,10,5.6,-0.7071067811865471,-0.7071067811865479,2,0,0.0,0.0,0.0,1.0,water_leak,3
2,0.718,29.2,13,5.8,0.8660254037844386,0.5000000000000001,2,1,0.0,1.0,0.0,0.0,water_leak,3
2,0.954,21.3,17,4.5,-0.9659258262890684,0.2588190451025203,1,1,0.0,0.0,0.0,1.0,water_leak,3
6,0.435,38.7,10,6.5,0.0,1.0,2,1,0.0,1.0,0.0,0.0,water_leak,3
1,0.744,38.8,21,4.2,-0.9659258262890684,0.2588190451025203,1,1,0.0,1.0,0.0,0.0,water_leak,3
4,0.555,26.9,7,6.2,0.7071067811865476,-0.7071067811865475,2,1,0.0,0.0,0.0,1.0,water_leak,3
4,0.441,39.1,11,6.7,-1.0,-1.8369701987210297e-16,2,0,1.0,0.0,0.0,0.0,water_leak,3
4,0.69,33.9,21,4.3,0.7071067811865476,-0.7071067811865475,1,1,1.0,0.0,0.0,0.0,water_leak,3
9,0.647,27.1,13,4.8,-0.9659258262890683,-0.25881904510252063,1,1,0.0,0.0,0.0,1.0,water_leak,3
1,0.57,24.1,21,4.1,-0.2588190451025208,-0.9659258262890683,2,1,0.0,1.0,0.0,0.0,water_leak,3
2,0.625,29.5,26,3.2,0.8660254037844386,0.5000000000000001,1,1,0.0,1.0,0.0,0.0,water_leak,3
4,0.674,27.3,23,3.6,-0.4999999999999997,-0.8660254037844388,1,0,0.0,0.0,1.0,0.0,water_leak,3
5,0.668,21.3,18,7.1,-0.4999999999999997,-0.8660254037844388,1,0,0.0,0.0,0.0,1.0,water_leak,3
4,0.543,26.0,14,3.5,0.8660254037844386,0.5000000000000001,2,1,0.0,1.0,0.0,0.0,water_leak,3
2,0.871,32.5,20,6.1,-0.4999999999999997,-0.8660254037844388,2,1,0.0,1.0,0.0,0.0,water_leak,3
4,0.648,39.0,27,6.2,1.2246467991473532e-16,-1.0,2,1,1.0,0.0,0.0,0.0,water_leak,3
2,0.939,46.9,13,1.8,-0.25881904510252157,0.9659258262890681,2,0,0.0,0.0,0.0,1.0,water_leak,3
5,0.494,9.1,15,5.9,-0.2588190451025208,-0.9659258262890683,2,1,0.0,1.0,0.0,0.0,water_leak,3
5,0.57,18.6,23,1.6,0.7071067811865476,-0.7071067811865475,1,1,0.0,1.0,0.0,0.0,water_leak,3
5,0.852,41.9,11,5.0,0.8660254037844387,-0.4999999999999998,2,1,1.0,0.0,0.0,0.0,water_leak,3
2,0.626,11.4,17,7.4,0.0,1.0,0,1,0.0,0.0,0.0,1.0,water_leak,3
6,0.686,35.4,25,7.1,-0.4999999999999997,-0.8660254037844388,1,1,0.0,0.0,0.0,1.0,water_leak,3
2,0.787,25.1,11,5.5,1.2246467991473532e-16,-1.0,1,1,0.0,1.0,0.0,0.0,water_leak,3
5,0.824,31.5,17,5.7,-0.7071067811865471,-0.7071067811865479,2,1,1.0,0.0,0.0,0.0,water_leak,3
2,0.512,37.2,13,2.6,0.49999999999999994,0.8660254037844387,1,0,1.0,0.0,0.0,0.0,water_leak,3
1,0.615,42.2,15,2.0,-0.9659258262890683,-0.25881904510252063,2,1,0.0,1.0,0.0,0.0,water_leak,3
2,0.495,26.2,15,5.5,-0.7071067811865477,0.7071067811865474,2,1,0.0,1.0,0.0,0.0,water_leak,3
2,0.843,33.5,23,3.8,0.7071067811865476,-0.7071067811865475,1,1,0.0,1.0,0.0,0.0,water_leak,3
3,0.639,42.8,21,6.4,0.258819045102521,-0.9659258262890682,2,1,0.0,0.0,1.0,0.0,water_leak,3
1,0.831,40.4,14,5.2,-0.9659258262890684,0.2588190451025203,2,0,0.0,1.0,0.0,0.0,water_leak,3
5,0.826,51.3,14,8.0,-0.9659258262890684,0.2588190451025203,2,1,0.0,0.0,0.0,1.0,water_leak,3
4,0.54,20.7,19,6.5,-0.5000000000000004,0.8660254037844384,2,1,1.0,0.0,0.0,0.0,water_leak,3
2,0.521,27.4,20,7.4,0.258819045102521,-0.9659258262890682,1,0,0.0,1.0,0.0,0.0,water_leak,3
5,0.65,30.1,18,5.2,-0.8660254037844385,-0.5000000000000004,1,0,0.0,0.0,0.0,1.0,water_leak,3
2,0.76,40.6,13,6.7,-0.9659258262890684,0.2588190451025203,1,1,1.0,0.0,0.0,0.0,water_leak,3
3,0.919,22.0,23,5.6,0.9659258262890683,0.25881904510252074,2,1,0.0,1.0,0.0,0.0,water_leak,3
2,0.721,31.5,18,7.5,-0.5000000000000004,0.8660254037844384,2,1,1.0,0.0,0.0,0.0,water_leak,3
3,0.697,8.0,23,4.4,0.8660254037844386,0.5000000000000001,2,0,0.0,0.0,0.0,1.0,water_leak,3
4,0.8,45.8,12,2.9,-0.7071067811865477,0.7071067811865474,1,1,0.0,1.0,0.0,0.0,water_leak,3
5,0.847,40.5,12,1.9,-0.9659258262890683,-0.25881904510252063,1,1,1.0,0.0,0.0,0.0,water_leak,3
2,0.484,34.8,18,1.0,-0.7071067811865477,0.7071067811865474,2,0,1.0,0.0,0.0,0.0,water_leak,3
7,0.856,50.3,28,4.5,-0.7071067811865477,0.7071067811865474,2,0,0.0,0.0,0.0,1.0,water_leak,3
4,0.656,25.2,30,3.7,0.7071067811865476,-0.7071067811865475,1,1,0.0,1.0,0.0,0.0,water_leak,3
6,0.504,26.8,17,7.0,-0.9659258262890684,0.2588190451025203,2,1,0.0,1.0,0.0,0.0,water_leak,3
2,0.786,38.6,20,9.4,-0.2588190451025208,-0.9659258262890683,1,0,1.0,0.0,0.0,0.0,water_leak,3
3,0.796,43.1,8,5.8,0.9659258262890683,-0.25881904510252063,1,1,1.0,0.0,0.0,0.0,water_leak,3
3,0.727,38.4,24,10.4,0.7071067811865476,0.7071067811865476,1,1,0.0,0.0,1.0,0.0,water_leak,3
1,0.762,47.9,17,3.9,-0.8660254037844386,0.5000000000000001,1,1,0.0,0.0,0.0,1.0,water_leak,3
6,0.893,50.0,17,5.4,-0.2588190451025208,-0.9659258262890683,1,1,0.0,0.0,1.0,0.0,water_leak,3
1,0.597,26.9,9,4.9,-0.2588190451025208,-0.9659258262890683,1,0,0.0,1.0,0.0,0.0,water_leak,3
4,0.549,34.1,23,6.6,0.7071067811865476,0.7071067811865476,1,1,0.0,1.0,0.0,0.0,water_leak,3
1,0.542,43.3,14,6.4,-0.2588190451025208,-0.9659258262890683,1,1,0.0,1.0,0.0,0.0,water_leak,3
5,0.84,32.7,14,4.1,0.0,1.0,2,1,1.0,0.0,0.0,0.0,water_leak,3
1,1.0,32.4,12,8.0,0.49999999999999994,-0.8660254037844387,2,1,1.0,0.0,0.0,0.0,water_leak,3
2,0.505,53.5,17,7.1,0.25881904510252074,0.9659258262890683,2,1,1.0,0.0,0.0,0.0,water_leak,3
5,0.595,24.9,14,4.9,-0.9659258262890683,-0.25881904510252063,2,1,0.0,1.0,0.0,0.0,water_leak,3
5,0.631,20.7,14,5.3,0.8660254037844386,0.5000000000000001,1,1,1.0,0.0,0.0,0.0,water_leak,3
4,0.789,39.4,15,4.0,-0.8660254037844385,-0.5000000000000004,2,1,0.0,1.0,0.0,0.0,water_leak,3
5,0.735,26.6,14,5.5,0.9659258262890683,-0.25881904510252063,2,1,0.0,1.0,0.0,0.0,water_leak,3
6,0.627,38.1,24,1.0,-0.7071067811865477,0.7071067811865474,1,0,0.0,0.0,0.0,1.0,water_leak,3
5,0.773,21.0,16,3.9,-0.7071067811865477,0.7071067811865474,1,1,1.0,0.0,0.0,0.0,water_leak,3
6,0.603,40.1,14,3.8,0.0,1.0,1,1,0.0,0.0,0.0,1.0,water_leak,3
3,0.693,5.9,13,3.2,-1.0,-1.8369701987210297e-16,2,0,0.0,0.0,0.0,1.0,water_leak,3
3,0.746,29.4,18,3.1,0.49999999999999994,-0.8660254037844387,2,1,0.0,0.0,0.0,1.0,water_leak,3
1,0.588,33.7,7,7.0,-0.8660254037844386,0.5000000000000001,2,1,0.0,1.0,0.0,0.0,water_leak,3
7,0.496,36.6,16,4.4,-1.0,-1.8369701987210297e-16,1,1,0.0,0.0,0.0,1.0,water_leak,3
2,0.786,32.2,18,7.4,0.7071067811865476,0.7071067811865476,2,1,0.0,1.0,0.0,0.0,water_leak,3
1,0.437,42.1,23,3.3,-0.25881904510252157,0.9659258262890681,2,1,1.0,0.0,0.0,0.0,water_leak,3
4,0.679,26.1,20,10.6,0.8660254037844387,-0.4999999999999998,2,1,1.0,0.0,0.0,0.0,water_leak,3
4,0.747,39.3,19,3.8,-0.5000000000000004,0.8660254037844384,1,1,0.0,0.0,0.0,1.0,water_leak,3
4,1.0,44.9,11,3.2,0.8660254037844386,0.5000000000000001,2,1,0.0,1.0,0.0,0.0,water_leak,3
3,0.596,45.1,20,8.3,-0.4999999999999997,-0.8660254037844388,2,1,1.0,0.0,0.0,0.0,water_leak,3
2,0.673,25.4,24,8.9,-0.8660254037844386,0.5000000000000001,1,1,0.0,1.0,0.0,0.0,water_leak,3
5,0.494,32.2,22,7.6,0.8660254037844386,0.5000000000000001,0,1,1.0,0.0,0.0,0.0,water_leak,3
3,0.756,34.7,18,1.2,-0.8660254037844385,-0.5000000000000004,2,1,0.0,0.0,0.0,1.0,water_leak,3
3,0.739,21.2,10,8.2,-0.5000000000000004,0.8660254037844384,1,1,0.0,1.0,0.0,0.0,water_leak,3
3,0.7,35.5,17,5.4,0.0,1.0,2,1,0.0,1.0,0.0,0.0,water_leak,3
5,0.868,39.6,15,4.5,-0.7071067811865471,-0.7071067811865479,0,1,1.0,0.0,0.0,0.0,water_leak,3
4,0.801,34.1,11,5.2,-0.9659258262890684,0.2588190451025203,2,1,0.0,1.0,0.0,0.0,water_leak,3
2,0.836,26.4,24,10.5,-0.8660254037844386,0.5000000000000001,1,1,0.0,1.0,0.0,0.0,water_leak,3
4,0.83,25.7,5,4.9,-0.2588190451025208,-0.9659258262890683,2,0,1.0,0.0,0.0,0.0,water_leak,3
3,0.775,31.3,15,3.5,-0.5000000000000004,0.8660254037844384,1,1,0.0,0.0,0.0,1.0,water_leak,3
4,0.725,20.3,17,3.6,-0.8660254037844386,0.5000000000000001,2,1,0.0,0.0,1.0,0.0,water_leak,3
5,0.849,26.6,14,7.4,1.0,6.123233995736766e-17,1,1,0.0,0.0,0.0,1.0,water_leak,3
0,0.712,33.3,18,6.3,0.0,1.0,2,1,0.0,1.0,0.0,0.0,water_leak,3
8,0.622,26.8,20,1.7,-0.25881904510252157,0.9659258262890681,2,0,0.0,1.0,0.0,0.0,water_leak,3
3,0.958,24.5,25,2.4,0.0,1.0,2,0,1.0,0.0,0.0,0.0,water_leak,3
4,0.921,38.0,24,4.7,-0.9659258262890684,0.2588190451025203,2,1,0.0,0.0,0.0,1.0,water_leak,3
1,0.624,33.7,21,5.3,-0.4999999999999997,-0.8660254037844388,2,1,0.0,0.0,0.0,1.0,water_leak,3
5,0.673,45.6,14,8.6,-1.0,-1.8369701987210297e-16,1,1,0.0,0.0,0.0,1.0,water_leak,3
3,0.776,35.9,12,6.7,-0.7071067811865477,0.7071067811865474,1,0,0.0,0.0,1.0,0.0,water_leak,3
5,0.475,17.1,24,8.3,1.2246467991473532e-16,-1.0,2,0,0.0,0.0,0.0,1.0,water_leak,3
4,0.553,29.3,25,5.4,0.9659258262890683,0.25881904510252074,0,1,1.0,0.0,0.0,0.0,water_leak,3
5,0.876,38.1,17,4.7,-0.7071067811865477,0.7071067811865474,2,0,1.0,0.0,0.0,0.0,water_leak,3
4,0.942,34.8,10,5.3,-1.0,-1.8369701987210297e-16,1,0,0.0,0.0,1.0,0.0,water_leak,3
2,0.834,34.1,11,1.0,1.2246467991473532e-16,-1.0,2,0,0.0,0.0,1.0,0.0,water_leak,3
2,0.376,28.5,21,7.3,0.8660254037844386,0.5000000000000001,2,1,1.0,0.0,0.0,0.0,water_leak,3
5,0.892,40.5,19,7.8,-0.7071067811865471,-0.7071067811865479,2,1,0.0,0.0,1.0,0.0,water_leak,3
5,0.6935,28.9,21,2.0,-0.7071067811865471,-0.7071067811865479,2,1,0.0,0.0,1.0,0.0,water_leak,3
5,0.818,29.0,10,1.0,-0.8660254037844385,-0.5000000000000004,1,1,1.0,0.0,0.0,0.0,water_leak,3
5,0.908,53.7,16,6.4,-0.8660254037844386,0.5000000000000001,1,1,1.0,0.0,0.0,0.0,water_leak,3
1,0.521,27.8,18,3.8,-0.2588190451025208,-0.9659258262890683,1,1,0.0,1.0,0.0,0.0,water_leak,3
3,0.671,22.8,17,8.9,-0.8660254037844386,0.5000000000000001,2,0,0.0,1.0,0.0,0.0,broken_streetlight,0
1,0.465,11.9,19,4.0,-0.25881904510252157,0.9659258262890681,2,0,0.0,1.0,0.0,0.0,broken_streetlight,0
1,0.675,21.8,12,4.6,0.7071067811865476,-0.7071067811865475,1,0,0.0,0.0,0.0,1.0,broken_streetlight,0
2,0.62,25.1,4,5.6,-0.8660254037844386,0.5000000000000001,2,0,0.0,1.0,0.0,0.0,broken_streetlight,0
1,0.827,26.3,9,7.6,-0.9659258262890684,0.2588190451025203,0,0,0.0,0.0,0.0,1.0,broken_streetlight,0
2,0.516,13.1,12,8.1,0.0,1.0,1,0,0.0,1.0,0.0,0.0,broken_streetlight,0
1,0.942,25.9,16,4.3,-0.25881904510252157,0.9659258262890681,0,0,0.0,0.0,0.0,1.0,broken_streetlight,0
1,0.735,16.4,14,5.8,-0.9659258262890683,-0.25881904510252063,1,1,1.0,0.0,0.0,0.0,broken_streetlight,0
3,0.423,11.6,9,10.1,0.9659258262890683,0.25881904510252074,1,0,1.0,0.0,0.0,0.0,broken_streetlight,0
2,0.547,29.2,12,7.2,-0.5000000000000004,0.8660254037844384,2,1,0.0,1.0,0.0,0.0,broken_streetlight,0
2,0.756,16.5,9,8.4,0.258819045102521,-0.9659258262890682,0,0,0.0,1.0,0.0,0.0,broken_streetlight,0
1,0.346,11.9,14,6.9,-0.4999999999999997,-0.8660254037844388,1,0,0.0,1.0,0.0,0.0,broken_streetlight,0
3,0.257,28.5,13,6.1,-1.0,-1.8369701987210297e-16,1,0,0.0,1.0,0.0,0.0,broken_streetlight,0
3,0.688,17.4,13,11.3,0.258819045102521,-0.9659258262890682,1,0,0.0,0.0,1.0,0.0,broken_streetlight,0
1,0.64,20.2,6,10.1,-0.2588190451025208,-0.9659258262890683,1,0,0.0,0.0,1.0,0.0,broken_streetlight,0
3,0.571,10.8,10,10.3,-0.8660254037844386,0.5000000000000001,1,0,0.0,0.0,0.0,1.0,broken_streetlight,0
3,0.845,28.6,12,10.6,-0.9659258262890684,0.2588190451025203,1,0,0.0,0.0,0.0,1.0,broken_streetlight,0
2,0.662,35.5,9,3.9,-0.5000000000000004,0.8660254037844384,2,0,0.0,0.0,0.0,1.0,broken_streetlight,0
0,0.575,22.3,6,9.8,-0.2588190451025208,-0.9659258262890683,0,0,0.0,0.0,0.0,1.0,broken_streetlight,0
3,0.453,28.5,12,7.4,-0.2588190451025208,-0.9659258262890683,0,1,0.0,1.0,0.0,0.0,broken_streetlight,0
1,0.907,22.8,5,7.1,-1.0,-1.8369701987210297e-16,1,0,1.0,0.0,0.0,0.0,broken_streetlight,0
3,0.35,11.0,14,6.6,-1.0,-1.8369701987210297e-16,0,0,0.0,0.0,0.0,1.0,broken_streetlight,0
2,0.446,22.8,18,8.4,-0.2588190451025208,-0.9659258262890683,1,0,0.0,1.0,0.0,0.0,broken_streetlight,0
5,0.757,13.1,16,11.8,-1.0,-1.8369701987210297e-16,2,0,0.0,1.0,0.0,0.0,broken_streetlight,0
1,0.711,23.6,17,5.6,0.7071067811865476,-0.7071067811865475,1,0,0.0,1.0,0.0,0.0,broken_streetlight,0
2,0.585,11.1,13,4.6,-0.7071067811865477,0.7071067811865474,1,0,1.0,0.0,0.0,0.0,broken_streetlight,0
2,0.666,15.1,15,8.0,-0.25881904510252157,0.9659258262890681,0,0,1.0,0.0,0.0,0.0,broken_streetlight,0
2,0.405,20.5,11,8.5,0.25881904510252074,0.9659258262890683,2,1,0.0,1.0,0.0,0.0,broken_streetlight,0
1,0.561,24.0,18,6.8,-1.0,-1.8369701987210297e-16,1,0,0.0,1.0,0.0,0.0,broken_streetlight,0
6,0.612,24.6,12,11.6,1.2246467991473532e-16,-1.0,1,0,0.0,1.0,0.0,0.0,broken_streetlight,0
0,0.516,7.8,10,6.8,0.0,1.0,1,0,0.0,0.0,0.0,1.0,broken_streetlight,0
3,0.399,17.3,8,9.1,-0.7071067811865477,0.7071067811865474,1,0,0.0,0.0,0.0,1.0,broken_streetlight,0
3,0.881,17.8,18,4.7,-0.25881904510252157,0.9659258262890681,1,1,0.0,1.0,0.0,0.0,broken_streetlight,0
2,0.619,28.3,11,10.6,-1.0,-1.8369701987210297e-16,1,0,0.0,1.0,0.0,0.0,broken_streetlight,0
3,0.403,22.2,18,11.5,-0.9659258262890684,0.2588190451025203,1,0,0.0,1.0,0.0,0.0,broken_streetlight,0
0,0.444,18.5,5,8.9,-0.7071067811865477,0.7071067811865474,1,0,1.0,0.0,0.0,0.0,broken_streetlight,0
3,0.888,25.2,6,9.5,-0.7071067811865471,-0.7071067811865479,1,0,0.0,1.0,0.0,0.0,broken_streetlight,0
4,0.55,13.2,9,8.5,0.9659258262890683,-0.25881904510252063,1,0,0.0,1.0,0.0,0.0,broken_streetlight,0
5,0.271,20.4,14,7.1,-1.0,-1.8369701987210297e-16,1,0,0.0,0.0,0.0,1.0,broken_streetlight,0
2,0.585,8.6,14,13.6,-0.9659258262890684,0.2588190451025203,1,0,0.0,1.0,0.0,0.0,broken_streetlight,0
3,0.647,18.2,5,4.1,-1.0,-1.8369701987210297e-16,1,0,0.0,0.0,0.0,1.0,broken_streetlight,0
0,0.705,26.4,13,8.7,0.9659258262890683,0.25881904510252074,0,1,0.0,0.0,0.0,1.0,broken_streetlight,0
1,0.789,26.0,18,6.3,-0.9659258262890684,0.2588190451025203,1,1,1.0,0.0,0.0,0.0,broken_streetlight,0
3,0.56,24.7,12,10.3,0.9659258262890683,-0.25881904510252063,1,0,0.0,0.0,0.0,1.0,broken_streetlight,0
1,0.74,14.0,4,4.5,-0.7071067811865477,0.7071067811865474,1,0,0.0,1.0,0.0,0.0,broken_streetlight,0
2,0.462,21.4,4,7.7,-0.8660254037844385,-0.5000000000000004,0,1,0.0,0.0,1.0,0.0,broken_streetlight,0
2,0.796,25.2,14,2.6,0.49999999999999994,0.8660254037844387,1,1,0.0,1.0,0.0,0.0,broken_streetlight,0
3,0.412,28.6,13,9.2,-0.2588190451025208,-0.9659258262890683,1,1,0.0,0.0,0.0,1.0,broken_streetlight,0
4,0.684,28.9,14,12.6,-0.25881904510252157,0.9659258262890681,1,1,1.0,0.0,0.0,0.0,broken_streetlight,0
0,0.437,22.3,13,9.6,-0.7071067811865477,0.7071067811865474,1,0,1.0,0.0,0.0,0.0,broken_streetlight,0
3,0.64,31.4,13,5.8,-0.9659258262890684,0.2588190451025203,1,0,0.0,0.0,0.0,1.0,broken_streetlight,0
3,0.467,26.0,11,7.5,0.7071067811865476,-0.7071067811865475,1,0,1.0,0.0,0.0,0.0,broken_streetlight,0
1,0.56,15.9,18,8.0,-0.5000000000000004,0.8660254037844384,1,0,0.0,0.0,0.0,1.0,broken_streetlight,0
2,0.549,7.6,9,5.5,-0.5000000000000004,0.8660254037844384,1,0,1.0,0.0,0.0,0.0,broken_streetlight,0
1,0.739,23.4,11,12.5,0.7071067811865476,-0.7071067811865475,1,0,1.0,0.0,0.0,0.0,broken_streetlight,0
4,0.759,22.5,8,6.7,-0.7071067811865477,0.7071067811865474,2,0,0.0,0.0,0.0,1.0,broken_streetlight,0
2,0.6935,26.6,12,1.0,-0.9659258262890684,0.2588190451025203,0,1,1.0,0.0,0.0,0.0,broken_streetlight,0
3,0.404,17.2,16,4.3,-0.8660254037844385,-0.5000000000000004,2,1,0.0,1.0,0.0,0.0,broken_streetlight,0
1,0.772,11.9,13,7.4,-1.0,-1.8369701987210297e-16,2,0,1.0,0.0,0.0,0.0,broken_streetlight,0
1,0.477,24.9,9,8.0,0.8660254037844386,0.5000000000000001,2,1,0.0,1.0,0.0,0.0,broken_streetlight,0
1,0.399,17.4,17,9.0,-1.0,-1.8369701987210297e-16,2,1,0.0,0.0,1.0,0.0,broken_streetlight,0
3,0.541,27.1,8,6.1,-0.7071067811865471,-0.7071067811865479,0,0,0.0,1.0,0.0,0.0,broken_streetlight,0
4,0.593,26.2,16,7.4,-1.0,-1.8369701987210297e-16,0,0,0.0,1.0,0.0,0.0,broken_streetlight,0
0,0.608,14.7,14,9.4,0.7071067811865476,0.7071067811865476,0,1,0.0,0.0,0.0,1.0,broken_streetlight,0
1,0.689,9.3,15,3.9,-0.8660254037844386,0.5000000000000001,1,0,0.0,1.0,0.0,0.0,broken_streetlight,0
3,0.325,21.6,9,9.8,-0.8660254037844385,-0.5000000000000004,1,0,0.0,0.0,0.0,1.0,broken_streetlight,0
2,0.15,17.8,10,8.1,-0.5000000000000004,0.8660254037844384,1,0,0.0,1.0,0.0,0.0,broken_streetlight,0
3,0.664,15.7,9,4.9,1.0,6.123233995736766e-17,1,0,1.0,0.0,0.0,0.0,broken_streetlight,0
2,0.318,22.9,17,5.9,0.9659258262890683,-0.25881904510252063,1,0,0.0,0.0,1.0,0.0,broken_streetlight,0
3,0.7,14.0,17,3.6,-0.5000000000000004,0.8660254037844384,0,1,0.0,1.0,0.0,0.0,broken_streetlight,0
0,0.609,12.4,11,7.1,-0.5000000000000004,0.8660254037844384,1,0,0.0,1.0,0.0,0.0,broken_streetlight,0
3,0.586,31.6,4,9.3,-0.8660254037844386,0.5000000000000001,1,0,1.0,0.0,0.0,0.0,broken_streetlight,0
1,0.515,23.3,8,9.5,-0.7071067811865477,0.7071067811865474,0,0,0.0,1.0,0.0,0.0,broken_streetlight,0
2,0.741,18.5,4,8.9,-0.2588190451025208,-0.9659258262890683,1,0,1.0,0.0,0.0,0.0,broken_streetlight,0
0,0.744,25.7,13,4.2,0.7071067811865476,0.7071067811865476,1,0,0.0,0.0,0.0,1.0,broken_streetlight,0
3,0.73,16.9,8,12.6,-0.8660254037844386,0.5000000000000001,2,0,1.0,0.0,0.0,0.0,broken_streetlight,0
2,0.502,21.9,10,4.9,-0.7071067811865477,0.7071067811865474,2,0,0.0,1.0,0.0,0.0,broken_streetlight,0
0,0.448,16.2,9,9.7,-0.8660254037844386,0.5000000000000001,1,1,0.0,0.0,0.0,1.0,broken_streetlight,0
1,0.636,27.5,10,7.3,-0.8660254037844386,0.5000000000000001,0,1,0.0,0.0,1.0,0.0,broken_streetlight,0
3,0.587,20.4,15,5.7,-1.0,-1.8369701987210297e-16,1,1,0.0,0.0,0.0,1.0,broken_streetlight,0
2,0.607,23.9,10,5.8,0.7071067811865476,-0.7071067811865475,1,0,1.0,0.0,0.0,0.0,broken_streetlight,0
3,0.447,10.2,8,5.0,-0.8660254037844386,0.5000000000000001,1,0,0.0,1.0,0.0,0.0,broken_streetlight,0
1,0.675,13.9,7,7.0,-0.8660254037844386,0.5000000000000001,1,0,1.0,0.0,0.0,0.0,broken_streetlight,0
2,0.475,28.1,10,9.1,-0.25881904510252157,0.9659258262890681,1,1,0.0,1.0,0.0,0.0,broken_streetlight,0
1,0.496,21.9,14,7.1,-0.5000000000000004,0.8660254037844384,1,1,0.0,1.0,0.0,0.0,broken_streetlight,0
1,0.798,17.5,4,3.7,-0.8660254037844385,-0.5000000000000004,0,1,1.0,0.0,0.0,0.0,broken_streetlight,0
5,0.237,20.3,9,8.4,-0.9659258262890684,0.2588190451025203,1,0,0.0,0.0,0.0,1.0,broken_streetlight,0
5,0.628,12.2,16,7.2,-1.0,-1.8369701987210297e-16,1,0,0.0,1.0,0.0,0.0,broken_streetlight,0
5,0.6935,26.1,18,8.3,0.7071067811865476,-0.7071067811865475,1,1,0.0,0.0,0.0,1.0,broken_streetlight,0
2,0.768,39.8,12,7.1,0.7071067811865476,-0.7071067811865475,1,0,1.0,0.0,0.0,0.0,broken_streetlight,0
0,0.492,18.0,10,3.6,-1.0,-1.8369701987210297e-16,1,1,1.0,0.0,0.0,0.0,broken_streetlight,0
0,0.399,11.1,10,6.4,-0.9659258262890684,0.2588190451025203,1,0,0.0,1.0,0.0,0.0,broken_streetlight,0
3,0.316,15.7,11,11.2,0.8660254037844387,-0.4999999999999998,1,0,0.0,1.0,0.0,0.0,broken_streetlight,0
3,0.651,10.9,13,6.6,0.49999999999999994,-0.8660254037844387,0,1,0.0,0.0,1.0,0.0,broken_streetlight,0
2,0.61,24.0,9,4.3,-0.9659258262890684,0.2588190451025203,1,1,1.0,0.0,0.0,0.0,broken_streetlight,0
1,0.414,20.2,8,8.4,1.2246467991473532e-16,-1.0,1,0,1.0,0.0,0.0,0.0,broken_streetlight,0
0,0.677,15.0,8,5.2,-0.7071067811865477,0.7071067811865474,1,0,1.0,0.0,0.0,0.0,broken_streetlight,0
1,0.681,19.3,5,5.1,-0.4999999999999997,-0.8660254037844388,2,1,0.0,1.0,0.0,0.0,broken_streetlight,0
1,0.71,6.5,24,8.8,1.2246467991473532e-16,-1.0,1,0,0.0,0.0,1.0,0.0,broken_streetlight,0
2,0.582,17.5,10,10.8,0.9659258262890683,-0.25881904510252063,1,1,0.0,1.0,0.0,0.0,broken_streetlight,0
0,0.287,20.7,10,7.8,-0.25881904510252157,0.9659258262890681,0,0,0.0,0.0,0.0,1.0,broken_streetlight,0
0,0.824,14.5,8,6.0,-0.9659258262890684,0.2588190451025203,0,0,0.0,1.0,0.0,0.0,broken_streetlight,0
0,0.363,22.7,12,9.7,-0.25881904510252157,0.9659258262890681,1,1,0.0,0.0,0.0,1.0,broken_streetlight,0
2,0.532,20.3,15,11.8,-0.5000000000000004,0.8660254037844384,2,0,0.0,0.0,0.0,1.0,broken_streetlight,0
3,0.651,22.0,13,3.4,-0.5000000000000004,0.8660254037844384,1,0,1.0,0.0,0.0,0.0,broken_streetlight,0
1,0.737,15.2,7,1.9,-0.7071067811865477,0.7071067811865474,1,1,0.0,0.0,0.0,1.0,broken_streetlight,0
0,0.398,20.0,14,3.4,-0.25881904510252157,0.9659258262890681,1,1,0.0,1.0,0.0,0.0,broken_streetlight,0
4,0.511,20.2,15,11.7,-0.7071067811865477,0.7071067811865474,1,0,0.0,1.0,0.0,0.0,broken_streetlight,0
4,0.428,15.6,9,2.7,-0.8660254037844386,0.5000000000000001,1,0,0.0,1.0,0.0,0.0,broken_streetlight,0
2,0.808,24.3,12,9.0,0.258819045102521,-0.9659258262890682,1,0,1.0,0.0,0.0,0.0,broken_streetlight,0
4,0.545,18.2,21,7.1,-0.5000000000000004,0.8660254037844384,0,1,0.0,1.0,0.0,0.0,broken_streetlight,0
0,0.598,15.5,7,10.1,-0.5000000000000004,0.8660254037844384,1,0,1.0,0.0,0.0,0.0,broken_streetlight,0
4,0.641,12.0,10,6.2,-0.7071067811865471,-0.7071067811865479,1,0,1.0,0.0,0.0,0.0,broken_streetlight,0
2,0.663,9.0,4,10.9,-0.9659258262890684,0.2588190451025203,1,0,0.0,0.0,0.0,1.0,broken_streetlight,0
0,0.574,18.9,16,5.9,0.258819045102521,-0.9659258262890682,2,0,0.0,0.0,0.0,1.0,broken_streetlight,0
3,0.503,21.8,12,9.0,0.49999999999999994,-0.8660254037844387,1,0,1.0,0.0,0.0,0.0,broken_streetlight,0
2,0.555,18.9,14,8.6,-0.5000000000000004,0.8660254037844384,1,0,1.0,0.0,0.0,0.0,broken_streetlight,0
2,0.397,18.3,16,3.8,-1.0,-1.8369701987210297e-16,2,1,1.0,0.0,0.0,0.0,broken_streetlight,0
0,0.654,34.6,15,7.8,1.0,6.123233995736766e-17,2,1,0.0,0.0,0.0,1.0,broken_streetlight,0
3,0.583,30.2,14,7.4,-0.9659258262890684,0.2588190451025203,1,0,0.0,1.0,0.0,0.0,broken_streetlight,0
0,0.479,16.6,10,10.9,-0.25881904510252157,0.9659258262890681,1,1,1.0,0.0,0.0,0.0,broken_streetlight,0
5,0.532,22.4,6,8.1,-0.8660254037844386,0.5000000000000001,1,0,0.0,0.0,1.0,0.0,broken_streetlight,0
0,0.585,19.7,11,6.4,0.8660254037844386,0.5000000000000001,0,1,0.0,1.0,0.0,0.0,broken_streetlight,0
1,0.531,25.9,10,3.9,-0.25881904510252157,0.9659258262890681,2,0,0.0,1.0,0.0,0.0,broken_streetlight,0
4,0.499,19.9,11,4.5,0.8660254037844387,-0.4999999999999998,2,0,0.0,1.0,0.0,0.0,broken_streetlight,0
0,0.782,9.7,10,6.3,-0.9659258262890684,0.2588190451025203,1,0,0.0,1.0,0.0,0.0,broken_streetlight,0
2,0.642,20.7,12,11.8,0.8660254037844386,0.5000000000000001,2,1,0.0,1.0,0.0,0.0,broken_streetlight,0
0,0.371,22.5,15,9.0,0.8660254037844387,-0.4999999999999998,1,0,0.0,0.0,0.0,1.0,broken_streetlight,0
1,1.0,20.4,11,6.3,-0.4999999999999997,-0.8660254037844388,2,1,0.0,1.0,0.0,0.0,broken_streetlight,0
1,0.67,11.3,16,6.1,1.0,6.123233995736766e-17,1,0,0.0,0.0,1.0,0.0,broken_streetlight,0
1,0.664,6.6,9,6.9,-0.5000000000000004,0.8660254037844384,1,1,0.0,0.0,1.0,0.0,broken_streetlight,0
1,0.42,12.7,22,5.9,0.25881904510252074,0.9659258262890683,1,0,0.0,1.0,0.0,0.0,broken_streetlight,0
1,0.656,23.7,7,3.5,0.9659258262890683,-0.25881904510252063,1,0,0.0,0.0,1.0,0.0,broken_streetlight,0
1,0.833,25.1,6,7.7,0.49999999999999994,-0.8660254037844387,1,1,0.0,0.0,0.0,1.0,broken_streetlight,0
1,0.354,18.3,7,5.2,0.9659258262890683,-0.25881904510252063,1,0,0.0,1.0,0.0,0.0,broken_streetlight,0
1,0.482,16.6,13,9.6,-0.8660254037844386,0.5000000000000001,1,0,0.0,0.0,0.0,1.0,broken_streetlight,0
3,0.15,28.5,15,6.0,-0.9659258262890684,0.2588190451025203,0,1,0.0,0.0,0.0,1.0,broken_streetlight,0
2,0.558,32.3,12,5.7,0.49999999999999994,-0.8660254037844387,1,0,0.0,1.0,0.0,0.0,broken_streetlight,0
0,0.541,21.8,11,11.1,-0.25881904510252157,0.9659258262890681,0,1,0.0,1.0,0.0,0.0,broken_streetlight,0
1,0.682,29.6,9,8.6,0.0,1.0,1,0,0.0,1.0,0.0,0.0,broken_streetlight,0
3,0.891,16.6,15,5.9,-0.25881904510252157,0.9659258262890681,0,1,0.0,0.0,1.0,0.0,broken_streetlight,0
3,0.15,15.4,9,11.3,-1.0,-1.8369701987210297e-16,2,0,0.0,1.0,0.0,0.0,broken_streetlight,0
2,0.615,19.3,16,8.5,-0.9659258262890684,0.2588190451025203,1,0,0.0,1.0,0.0,0.0,broken_streetlight,0
2,0.634,14.7,11,8.4,1.0,6.123233995736766e-17,1,0,0.0,1.0,0.0,0.0,broken_streetlight,0
3,0.757,21.8,12,4.7,-0.2588190451025208,-0.9659258262890683,2,0,1.0,0.0,0.0,0.0,broken_streetlight,0
3,0.606,22.2,12,9.8,1.2246467991473532e-16,-1.0,1,1,0.0,0.0,1.0,0.0,broken_streetlight,0
1,0.48,24.0,6,6.5,-0.7071067811865477,0.7071067811865474,0,0,0.0,1.0,0.0,0.0,broken_streetlight,0
2,0.568,14.2,10,4.8,-0.25881904510252157,0.9659258262890681,1,0,0.0,1.0,0.0,0.0,broken_streetlight,0
4,0.37,21.6,15,11.8,0.9659258262890683,0.25881904510252074,0,0,0.0,1.0,0.0,0.0,broken_streetlight,0
4,0.296,20.8,20,11.7,-0.9659258262890684,0.2588190451025203,1,0,0.0,0.0,1.0,0.0,broken_streetlight,0
3,0.82,21.1,32,17.9,0.258819045102521,-0.9659258262890682,0,0,0.0,1.0,0.0,0.0,illegal_dumping,1
3,0.715,11.7,24,11.6,0.7071067811865476,-0.7071067811865475,1,0,0.0,0.0,1.0,0.0,illegal_dumping,1
4,0.65,18.5,29,17.1,-0.9659258262890684,0.2588190451025203,0,0,0.0,0.0,1.0,0.0,illegal_dumping,1
3,0.786,20.0,23,6.6,-1.0,-1.8369701987210297e-16,0,1,0.0,1.0,0.0,0.0,illegal_dumping,1
2,0.908,18.4,19,11.2,-0.9659258262890684,0.2588190451025203,0,0,0.0,1.0,0.0,0.0,illegal_dumping,1
5,0.605,10.6,20,15.9,-0.8660254037844385,-0.5000000000000004,0,0,0.0,0.0,0.0,1.0,illegal_dumping,1
7,0.815,7.1,27,7.6,-0.5000000000000004,0.8660254037844384,1,1,1.0,0.0,0.0,0.0,illegal_dumping,1
9,0.622,4.8,25,20.8,-0.8660254037844385,-0.5000000000000004,1,0,0.0,0.0,0.0,1.0,illegal_dumping,1
7,0.793,11.0,10,3.3,-0.5000000000000004,0.8660254037844384,0,0,1.0,0.0,0.0,0.0,illegal_dumping,1
4,0.8,12.1,19,11.8,0.8660254037844387,-0.4999999999999998,0,1,1.0,0.0,0.0,0.0,illegal_dumping,1
4,0.678,9.9,29,13.6,-0.9659258262890684,0.2588190451025203,1,0,0.0,0.0,0.0,1.0,illegal_dumping,1
3,0.558,3.6,36,15.0,-0.9659258262890684,0.2588190451025203,0,0,0.0,0.0,1.0,0.0,illegal_dumping,1
9,0.76,10.2,18,13.6,-0.2588190451025208,-0.9659258262890683,1,0,0.0,1.0,0.0,0.0,illegal_dumping,1
6,0.602,2.1,28,15.1,0.49999999999999994,-0.8660254037844387,0,0,0.0,0.0,0.0,1.0,illegal_dumping,1
4,0.849,20.5,22,14.4,-0.2588190451025208,-0.9659258262890683,1,0,0.0,0.0,0.0,1.0,illegal_dumping,1
3,0.857,13.5,19,21.1,-0.8660254037844385,-0.5000000000000004,1,0,0.0,1.0,0.0,0.0,illegal_dumping,1
9,0.604,11.1,31,8.0,-0.8660254037844386,0.5000000000000001,0,0,1.0,0.0,0.0,0.0,illegal_dumping,1
8,0.759,2.2,26,5.7,0.8660254037844387,-0.4999999999999998,0,0,0.0,0.0,0.0,1.0,illegal_dumping,1
8,0.729,31.3,18,7.4,0.8660254037844387,-0.4999999999999998,1,0,0.0,1.0,0.0,0.0,illegal_dumping,1
5,0.757,21.1,26,18.9,-0.7071067811865477,0.7071067811865474,1,0,0.0,1.0,0.0,0.0,illegal_dumping,1
6,0.822,14.3,14,8.0,-0.7071067811865471,-0.7071067811865479,1,0,0.0,1.0,0.0,0.0,illegal_dumping,1
4,0.885,19.3,12,8.0,1.2246467991473532e-16,-1.0,2,0,0.0,1.0,0.0,0.0,illegal_dumping,1
12,0.725,4.0,23,14.3,0.9659258262890683,-0.25881904510252063,0,0,0.0,1.0,0.0,0.0,illegal_dumping,1
8,0.741,15.9,18,13.6,0.258819045102521,-0.9659258262890682,1,0,0.0,1.0,0.0,0.0,illegal_dumping,1
2,0.965,8.8,19,8.9,-0.7071067811865477,0.7071067811865474,1,0,0.0,1.0,0.0,0.0,illegal_dumping,1
6,1.0,12.0,28,9.4,1.0,6.123233995736766e-17,0,1,1.0,0.0,0.0,0.0,illegal_dumping,1
2,0.746,15.6,10,6.9,-0.9659258262890684,0.2588190451025203,0,0,0.0,1.0,0.0,0.0,illegal_dumping,1
7,0.6935,4.5,16,12.1,-0.9659258262890683,-0.25881904510252063,0,0,0.0,1.0,0.0,0.0,illegal_dumping,1
8,0.825,8.7,26,9.8,-0.9659258262890684,0.2588190451025203,1,0,1.0,0.0,0.0,0.0,illegal_dumping,1
5,0.871,8.6,15,18.1,-0.8660254037844385,-0.5000000000000004,1,0,0.0,0.0,0.0,1.0,illegal_dumping,1
2,0.857,17.3,22,16.3,0.7071067811865476,-0.7071067811865475,1,0,0.0,0.0,0.0,1.0,illegal_dumping,1
4,0.787,24.7,12,17.9,0.9659258262890683,-0.25881904510252063,0,0,0.0,1.0,0.0,0.0,illegal_dumping,1
4,0.837,6.5,29,14.2,-0.5000000000000004,0.8660254037844384,0,0,0.0,0.0,0.0,1.0,illegal_dumping,1
3,0.789,19.4,17,14.9,1.2246467991473532e-16,-1.0,0,0,1.0,0.0,0.0,0.0,illegal_dumping,1
8,0.93,13.2,24,17.6,0.258819045102521,-0.9659258262890682,1,0,0.0,1.0,0.0,0.0,illegal_dumping,1
6,0.638,28.2,25,9.2,-0.7071067811865477,0.7071067811865474,1,0,0.0,0.0,0.0,1.0,illegal_dumping,1
7,0.889,10.6,17,18.0,0.9659258262890683,0.25881904510252074,1,0,1.0,0.0,0.0,0.0,illegal_dumping,1
2,0.961,1.2,22,12.0,0.9659258262890683,0.25881904510252074,0,0,0.0,0.0,0.0,1.0,illegal_dumping,1
3,0.711,19.9,32,7.4,-1.0,-1.8369701987210297e-16,1,0,0.0,0.0,0.0,1.0,illegal_dumping,1
4,0.713,12.0,19,14.8,-0.8660254037844386,0.5000000000000001,1,0,1.0,0.0,0.0,0.0,illegal_dumping,1
2,0.879,0.7,20,21.6,0.7071067811865476,-0.7071067811865475,2,0,0.0,1.0,0.0,0.0,illegal_dumping,1
6,0.969,25.9,26,17.3,0.8660254037844387,-0.4999999999999998,0,0,0.0,1.0,0.0,0.0,illegal_dumping,1
0,0.726,11.8,23,11.5,1.2246467991473532e-16,-1.0,0,0,0.0,0.0,0.0,1.0,illegal_dumping,1
3,0.847,0.0,24,15.1,0.8660254037844387,-0.4999999999999998,0,0,1.0,0.0,0.0,0.0,illegal_dumping,1
4,0.653,22.2,17,8.9,0.7071067811865476,-0.7071067811865475,0,0,0.0,1.0,0.0,0.0,illegal_dumping,1
6,0.621,13.6,28,14.6,1.2246467991473532e-16,-1.0,1,0,0.0,1.0,0.0,0.0,illegal_dumping,1
4,0.79,16.7,17,15.2,0.9659258262890683,0.25881904510252074,0,0,0.0,0.0,0.0,1.0,illegal_dumping,1
3,0.988,16.8,28,8.0,0.8660254037844387,-0.4999999999999998,1,0,0.0,0.0,0.0,1.0,illegal_dumping,1
4,0.708,4.3,22,12.9,0.7071067811865476,-0.7071067811865475,0,0,0.0,1.0,0.0,0.0,illegal_dumping,1
8,0.758,0.0,17,15.1,-0.5000000000000004,0.8660254037844384,1,0,0.0,0.0,0.0,1.0,illegal_dumping,1
3,0.855,21.4,11,14.1,0.7071067811865476,-0.7071067811865475,0,0,0.0,0.0,0.0,1.0,illegal_dumping,1
8,0.763,5.1,18,8.4,-0.9659258262890684,0.2588190451025203,0,0,0.0,0.0,0.0,1.0,illegal_dumping,1
2,0.901,9.6,18,12.9,-0.5000000000000004,0.8660254037844384,0,0,1.0,0.0,0.0,0.0,illegal_dumping,1
6,0.8,12.3,20,11.0,0.9659258262890683,0.25881904510252074,1,1,0.0,1.0,0.0,0.0,illegal_dumping,1
10,1.0,24.7,26,13.4,0.258819045102521,-0.9659258262890682,1,0,0.0,1.0,0.0,0.0,illegal_dumping,1
5,0.721,11.0,16,10.1,-0.8660254037844386,0.5000000000000001,0,0,1.0,0.0,0.0,0.0,illegal_dumping,1
6,0.603,12.9,12,19.0,0.49999999999999994,-0.8660254037844387,0,0,1.0,0.0,0.0,0.0,illegal_dumping,1
4,0.822,23.6,21,16.2,-0.4999999999999997,-0.8660254037844388,1,0,0.0,1.0,0.0,0.0,illegal_dumping,1
3,0.91,6.6,24,19.8,-0.7071067811865477,0.7071067811865474,2,1,0.0,0.0,0.0,1.0,illegal_dumping,1
6,0.783,19.5,33,16.6,-0.4999999999999997,-0.8660254037844388,1,0,0.0,1.0,0.0,0.0,illegal_dumping,1
8,0.925,16.6,26,12.6,0.9659258262890683,-0.25881904510252063,1,0,0.0,0.0,1.0,0.0,illegal_dumping,1
3,0.702,0.0,22,8.1,0.8660254037844387,-0.4999999999999998,1,0,0.0,0.0,0.0,1.0,illegal_dumping,1
8,0.978,13.9,16,10.4,0.49999999999999994,-0.8660254037844387,2,1,0.0,0.0,0.0,1.0,illegal_dumping,1
10,0.856,4.9,14,12.8,-0.9659258262890684,0.2588190451025203,0,0,1.0,0.0,0.0,0.0,illegal_dumping,1
4,0.555,15.1,27,15.7,-1.0,-1.8369701987210297e-16,2,0,0.0,1.0,0.0,0.0,illegal_dumping,1
2,0.904,6.7,20,7.9,-0.9659258262890684,0.2588190451025203,0,1,0.0,0.0,0.0,1.0,illegal_dumping,1
7,0.752,14.1,28,15.7,0.9659258262890683,-0.25881904510252063,0,0,1.0,0.0,0.0,0.0,illegal_dumping,1
5,0.827,18.8,33,14.4,-0.7071067811865471,-0.7071067811865479,1,0,0.0,0.0,0.0,1.0,illegal_dumping,1
1,0.84,3.2,34,9.3,-0.2588190451025208,-0.9659258262890683,1,0,0.0,0.0,0.0,1.0,illegal_dumping,1
3,1.0,20.6,12,21.9,-0.9659258262890684,0.2588190451025203,0,0,0.0,0.0,0.0,1.0,illegal_dumping,1
5,0.806,25.9,25,8.0,0.49999999999999994,-0.8660254037844387,0,0,0.0,0.0,0.0,1.0,illegal_dumping,1
8,0.744,4.6,22,9.8,-0.9659258262890684,0.2588190451025203,1,0,0.0,0.0,0.0,1.0,illegal_dumping,1
1,1.0,15.3,19,13.7,-0.5000000000000004,0.8660254037844384,2,0,1.0,0.0,0.0,0.0,illegal_dumping,1
2,0.628,25.5,26,17.4,0.7071067811865476,-0.7071067811865475,0,0,1.0,0.0,0.0,0.0,illegal_dumping,1
3,0.707,12.0,21,13.6,-0.5000000000000004,0.8660254037844384,1,1,1.0,0.0,0.0,0.0,illegal_dumping,1
5,0.848,17.6,20,8.4,-0.9659258262890683,-0.25881904510252063,1,1,0.0,1.0,0.0,0.0,illegal_dumping,1
3,0.832,14.5,17,15.9,-0.8660254037844386,0.5000000000000001,1,0,1.0,0.0,0.0,0.0,illegal_dumping,1
3,0.661,15.7,20,10.2,-0.4999999999999997,-0.8660254037844388,1,1,0.0,1.0,0.0,0.0,illegal_dumping,1
8,0.733,13.2,23,14.1,0.49999999999999994,-0.8660254037844387,0,1,0.0,0.0,0.0,1.0,illegal_dumping,1
4,0.791,18.1,19,12.8,0.49999999999999994,-0.8660254037844387,0,0,0.0,0.0,1.0,0.0,illegal_dumping,1
3,0.944,15.3,19,16.3,-0.4999999999999997,-0.8660254037844388,0,0,0.0,0.0,0.0,1.0,illegal_dumping,1
7,0.957,6.3,19,18.3,-0.2588190451025208,-0.9659258262890683,0,0,0.0,0.0,1.0,0.0,illegal_dumping,1
3,0.689,13.5,21,12.4,0.8660254037844387,-0.4999999999999998,1,1,0.0,1.0,0.0,0.0,illegal_dumping,1
5,0.624,5.3,24,2.6,-0.9659258262890684,0.2588190451025203,1,0,0.0,0.0,1.0,0.0,illegal_dumping,1
4,0.683,14.2,21,16.2,1.2246467991473532e-16,-1.0,1,0,0.0,0.0,0.0,1.0,illegal_dumping,1
4,0.708,0.0,10,7.6,0.9659258262890683,-0.25881904510252063,1,0,0.0,1.0,0.0,0.0,illegal_dumping,1
4,0.808,2.3,23,21.1,-0.9659258262890683,-0.25881904510252063,0,0,0.0,0.0,0.0,1.0,illegal_dumping,1
5,0.583,13.0,27,15.6,-1.0,-1.8369701987210297e-16,0,0,0.0,1.0,0.0,0.0,illegal_dumping,1
6,0.717,4.7,31,5.0,-0.8660254037844385,-0.5000000000000004,0,0,0.0,0.0,0.0,1.0,illegal_dumping,1
3,0.799,19.2,19,10.1,-0.8660254037844385,-0.5000000000000004,1,0,0.0,0.0,0.0,1.0,illegal_dumping,1
5,0.829,19.3,21,8.7,1.2246467991473532e-16,-1.0,2,0,0.0,0.0,0.0,1.0,illegal_dumping,1
4,0.685,7.0,25,8.0,-0.9659258262890683,-0.25881904510252063,1,0,0.0,1.0,0.0,0.0,illegal_dumping,1
5,0.734,2.4,17,18.1,0.49999999999999994,-0.8660254037844387,0,0,0.0,0.0,0.0,1.0,illegal_dumping,1
7,0.805,17.2,19,8.1,-0.9659258262890683,-0.25881904510252063,0,0,0.0,0.0,0.0,1.0,illegal_dumping,1
5,0.876,2.1,26,10.8,-0.5000000000000004,0.8660254037844384,1,0,0.0,0.0,0.0,1.0,illegal_dumping,1
6,0.817,29.4,24,8.1,1.0,6.123233995736766e-17,2,0,0.0,1.0,0.0,0.0,illegal_dumping,1
7,0.621,6.3,20,10.5,-0.9659258262890683,-0.25881904510252063,0,1,0.0,0.0,0.0,1.0,illegal_dumping,1
6,0.728,5.8,17,12.8,0.8660254037844387,-0.4999999999999998,0,1,0.0,0.0,1.0,0.0,illegal_dumping,1
3,0.643,12.2,19,15.4,-0.7071067811865471,-0.7071067811865479,2,0,0.0,1.0,0.0,0.0,illegal_dumping,1
7,0.658,20.3,33,12.4,-0.8660254037844386,0.5000000000000001,1,0,0.0,1.0,0.0,0.0,illegal_dumping,1
7,0.935,10.9,20,5.8,1.2246467991473532e-16,-1.0,0,0,0.0,1.0,0.0,0.0,illegal_dumping,1
4,0.574,11.5,27,11.2,-0.8660254037844385,-0.5000000000000004,1,0,0.0,0.0,0.0,1.0,illegal_dumping,1
4,0.691,7.3,21,14.4,0.9659258262890683,0.25881904510252074,1,0,0.0,1.0,0.0,0.0,illegal_dumping,1
10,0.693,16.0,16,16.6,-0.7071067811865471,-0.7071067811865479,0,1,0.0,0.0,0.0,1.0,illegal_dumping,1
3,0.643,21.3,23,9.9,0.49999999999999994,-0.8660254037844387,0,0,0.0,0.0,0.0,1.0,illegal_dumping,1
6,0.796,15.6,26,18.0,-0.5000000000000004,0.8660254037844384,1,0,0.0,1.0,0.0,0.0,illegal_dumping,1
5,0.72,6.8,28,8.0,-0.9659258262890684,0.2588190451025203,0,0,0.0,1.0,0.0,0.0,illegal_dumping,1
7,0.785,19.0,26,12.9,0.8660254037844387,-0.4999999999999998,0,0,0.0,0.0,0.0,1.0,illegal_dumping,1
6,0.752,16.6,18,11.1,-0.9659258262890684,0.2588190451025203,0,0,1.0,0.0,0.0,0.0,illegal_dumping,1
2,0.902,0.0,17,17.4,-0.8660254037844386,0.5000000000000001,1,0,0.0,0.0,0.0,1.0,illegal_dumping,1
4,0.7,21.0,15,12.9,-0.5000000000000004,0.8660254037844384,0,0,0.0,1.0,0.0,0.0,illegal_dumping,1
3,1.0,0.4,19,13.9,0.9659258262890683,0.25881904510252074,0,0,0.0,1.0,0.0,0.0,illegal_dumping,1
6,0.813,10.4,33,20.4,-0.9659258262890684,0.2588190451025203,0,0,1.0,0.0,0.0,0.0,illegal_dumping,1
2,0.751,0.0,22,18.4,-1.0,-1.8369701987210297e-16,0,0,0.0,1.0,0.0,0.0,illegal_dumping,1
4,0.6935,0.0,29,13.7,-0.9659258262890684,0.2588190451025203,0,0,0.0,0.0,1.0,0.0,illegal_dumping,1
4,0.752,3.9,7,16.9,-0.7071067811865471,-0.7071067811865479,0,0,0.0,0.0,1.0,0.0,illegal_dumping,1
4,0.746,8.7,22,12.2,-0.7071067811865471,-0.7071067811865479,2,0,0.0,0.0,0.0,1.0,illegal_dumping,1
4,0.743,6.6,18,15.8,-1.0,-1.8369701987210297e-16,0,1,0.0,1.0,0.0,0.0,illegal_dumping,1
3,0.849,11.7,27,15.1,1.0,6.123233995736766e-17,1,0,1.0,0.0,0.0,0.0,illegal_dumping,1
5,0.957,0.0,29,3.3,-0.4999999999999997,-0.8660254037844388,1,1,0.0,1.0,0.0,0.0,illegal_dumping,1
8,0.877,18.2,29,18.7,-0.5000000000000004,0.8660254037844384,2,0,0.0,0.0,1.0,0.0,illegal_dumping,1
5,0.806,12.2,22,16.1,0.9659258262890683,-0.25881904510252063,0,0,0.0,0.0,0.0,1.0,illegal_dumping,1
6,0.703,1.5,20,14.5,1.2246467991473532e-16,-1.0,1,0,1.0,0.0,0.0,0.0,illegal_dumping,1
10,0.879,0.0,22,16.4,0.258819045102521,-0.9659258262890682,1,0,0.0,1.0,0.0,0.0,illegal_dumping,1
2,0.765,15.4,20,9.9,-0.7071067811865471,-0.7071067811865479,0,0,0.0,0.0,0.0,1.0,illegal_dumping,1
4,0.675,11.2,20,8.4,0.258819045102521,-0.9659258262890682,1,0,0.0,0.0,0.0,1.0,illegal_dumping,1
5,0.812,4.5,27,11.7,1.2246467991473532e-16,-1.0,2,0,0.0,0.0,1.0,0.0,illegal_dumping,1
9,0.919,26.5,13,14.4,1.0,6.123233995736766e-17,0,0,0.0,0.0,0.0,1.0,illegal_dumping,1
4,0.789,9.9,29,15.4,0.7071067811865476,-0.7071067811865475,1,0,0.0,1.0,0.0,0.0,illegal_dumping,1
5,0.675,9.1,29,10.5,-0.9659258262890684,0.2588190451025203,1,0,1.0,0.0,0.0,0.0,illegal_dumping,1
0,0.816,12.1,17,15.1,1.0,6.123233995736766e-17,0,0,1.0,0.0,0.0,0.0,illegal_dumping,1
4,0.705,2.9,20,14.6,-0.8660254037844386,0.5000000000000001,1,0,0.0,0.0,1.0,0.0,illegal_dumping,1
4,0.913,14.2,27,5.4,0.7071067811865476,-0.7071067811865475,0,0,0.0,0.0,1.0,0.0,illegal_dumping,1
2,0.698,6.5,22,18.0,1.0,6.123233995736766e-17,1,0,0.0,0.0,0.0,1.0,illegal_dumping,1
6,0.672,7.4,13,17.1,-0.5000000000000004,0.8660254037844384,2,0,0.0,0.0,0.0,1.0,illegal_dumping,1
2,0.744,6.5,22,7.5,-0.2588190451025208,-0.9659258262890683,1,1,0.0,0.0,0.0,1.0,illegal_dumping,1
7,0.79,14.1,22,11.3,0.9659258262890683,0.25881904510252074,0,1,0.0,1.0,0.0,0.0,illegal_dumping,1
5,0.867,12.6,16,8.8,0.9659258262890683,-0.25881904510252063,1,0,0.0,1.0,0.0,0.0,illegal_dumping,1
5,0.806,28.0,35,5.0,-0.7071067811865471,-0.7071067811865479,0,1,0.0,1.0,0.0,0.0,illegal_dumping,1
5,0.787,3.5,23,19.9,1.0,6.123233995736766e-17,1,0,0.0,1.0,0.0,0.0,illegal_dumping,1
6,0.738,10.3,12,10.8,-0.4999999999999997,-0.8660254037844388,2,1,0.0,0.0,0.0,1.0,illegal_dumping,1
7,0.88,0.0,24,14.5,0.258819045102521,-0.9659258262890682,2,0,0.0,0.0,0.0,1.0,illegal_dumping,1
2,0.912,8.3,9,17.6,-0.2588190451025208,-0.9659258262890683,0,0,0.0,0.0,0.0,1.0,illegal_dumping,1
7,0.598,10.0,33,21.8,0.49999999999999994,-0.8660254037844387,1,0,0.0,1.0,0.0,0.0,illegal_dumping,1
3,0.712,16.8,23,16.7,-0.5000000000000004,0.8660254037844384,1,0,0.0,0.0,0.0,1.0,illegal_dumping,1
3,0.767,18.0,25,6.0,1.2246467991473532e-16,-1.0,2,0,0.0,1.0,0.0,0.0,illegal_dumping,1
7,0.983,0.0,22,19.6,-0.4999999999999997,-0.8660254037844388,0,0,0.0,0.0,0.0,1.0,illegal_dumping,1
2,0.922,8.6,25,18.2,0.9659258262890683,-0.25881904510252063,0,0,1.0,0.0,0.0,0.0,illegal_dumping,1
3,0.791,13.4,25,7.3,0.9659258262890683,-0.25881904510252063,1,0,0.0,1.0,0.0,0.0,illegal_dumping,1
3,0.808,12.6,21,10.1,-0.9659258262890683,-0.25881904510252063,1,0,0.0,0.0,0.0,1.0,illegal_dumping,1
